{
  "id": "b274afdb-720f-ff67-ab20-ca64592301b8",
  "name": "Stores REST API",
  "values": [
    {
      "enabled": true,
      "key": "url",
      "value": "http://127.0.0.1:5000",
      "type": "text"
    },
    {
      "enabled": true,
      "key": "access_token",
      "value": "eyJ0eXAiOiJKV1QiLCJhbGciOiJIUzI1NiJ9.eyJleHAiOjE0OTIzNDkwMjYsImlhdCI6MTQ5MjM0ODcyNiwibmJmIjoxNDkyMzQ4NzI2LCJpZGVudGl0eSI6MX0.P5Ax6M396lVRQx2O1G10eCHBcPZkCeaLJ10d1YeM2PE",
      "type": "text"
    },
    {
      "enabled": true,
      "key": "store_id",
      "value": "1",
      "type": "text"
    }
  ],
  "timestamp": 1492348726807,
  "_postman_variable_scope": "environment",
  "_postman_exported_at": "2017-04-22T08:52:27.820Z",
  "_postman_exported_using": "Postman/4.10.7"
}